City_ID,City,Country,Date,Lat,Lng,Max Temp,Humidity,Cloudiness,Wind Speed
0,Bambous Virieux,MU,2022-11-15 17:54:25,-20.3428,57.7575,71.85,64,40,6.91
1,Riyadh,SA,2022-11-15 17:52:40,24.6877,46.7219,77.14,24,0,8.86
2,Vanderhoof,CA,2022-11-15 17:54:26,54.0166,-124.0198,28.08,90,100,1.07
3,Amahai,ID,2022-11-15 17:54:27,-3.3333,128.9167,79.72,81,94,2.91
4,Poceirao,PT,2022-11-15 17:54:27,38.831,-8.7937,63.54,91,100,7.52
5,East London,ZA,2022-11-15 17:54:27,-33.0153,27.9116,67.14,82,40,11.5
6,Bengkulu,ID,2022-11-15 17:54:28,-3.8004,102.2655,75.54,87,100,8.81
7,Port Alfred,ZA,2022-11-15 17:54:28,-33.5906,26.891,65.17,87,94,7.0
8,Hamilton,US,2022-11-15 17:52:07,39.1834,-84.5333,43.0,79,100,1.99
9,Eureka,US,2022-11-15 17:50:16,40.8021,-124.1637,48.25,100,0,1.01
10,Grande Prairie,CA,2022-11-15 17:51:13,55.1667,-118.8027,32.18,69,75,9.22
11,Pembroke,CA,2022-11-15 17:54:30,45.8168,-77.1162,30.18,69,95,3.49
12,Andenes,NO,2022-11-15 17:54:31,69.3143,16.1194,30.18,93,0,10.36
13,Guerrero Negro,MX,2022-11-15 17:54:31,27.9769,-114.0611,68.59,30,89,1.12
14,Avarua,CK,2022-11-15 17:54:32,-21.2078,-159.775,73.45,68,96,6.91
15,Westport,US,2022-11-15 17:50:30,41.1415,-73.3579,46.94,51,100,6.91
16,Bluff,NZ,2022-11-15 17:54:32,-46.6,168.3333,58.8,74,96,2.82
17,Busselton,AU,2022-11-15 17:54:33,-33.65,115.3333,54.39,88,17,9.08
18,Albany,US,2022-11-15 17:52:35,42.6001,-73.9662,38.68,53,69,3.56
19,Pietarsaari,FI,2022-11-15 17:54:34,63.65,22.6833,35.89,76,84,8.23
20,Ponta Do Sol,PT,2022-11-15 17:54:35,32.6667,-17.1,73.0,85,98,4.99
21,Jamestown,US,2022-11-15 17:52:21,42.097,-79.2353,36.99,61,100,17.27
22,Yarmouth,US,2022-11-15 17:54:36,41.7057,-70.2286,47.98,58,20,8.05
23,Castro,BR,2022-11-15 17:54:36,-24.7911,-50.0119,73.45,39,0,9.33
24,Cape Town,ZA,2022-11-15 17:49:46,-33.9258,18.4232,67.26,81,75,11.5
25,Vaini,TO,2022-11-15 17:54:37,-21.2,-175.2,69.96,100,20,2.3
26,Thompson,CA,2022-11-15 17:54:37,55.7435,-97.8558,3.36,85,20,2.3
27,Vila,PT,2022-11-15 17:54:37,42.0304,-8.1588,47.28,91,89,5.95
28,Maxixe,MZ,2022-11-15 17:54:38,-23.8597,35.3472,75.02,60,20,5.99
29,Xucheng,CN,2022-11-15 17:54:39,20.35,110.1288,73.98,92,13,9.22
30,Vostok,RU,2022-11-15 17:54:39,46.4856,135.8833,11.28,94,33,3.6
31,Punta Arenas,CL,2022-11-15 17:54:39,-53.15,-70.9167,62.62,54,0,23.02
32,Barrow,US,2022-11-15 17:54:40,71.2906,-156.7887,24.82,86,100,31.07
33,Pisco,PE,2022-11-15 17:53:29,-13.7,-76.2167,69.85,73,0,11.5
34,Ribeira Grande,PT,2022-11-15 17:54:41,38.5167,-28.7,66.78,94,75,19.57
35,Sola,VU,2022-11-15 17:54:41,-13.8833,167.55,80.76,71,0,1.95
36,New Norfolk,AU,2022-11-15 17:54:42,-42.7826,147.0587,45.9,82,100,3.0
37,Airai,TL,2022-11-15 17:54:42,-8.9266,125.4092,62.62,91,100,0.6
38,Saint-Augustin,CA,2022-11-15 17:54:43,51.226,-58.6502,28.38,68,98,9.66
39,College,US,2022-11-15 17:54:43,64.8569,-147.8028,15.75,85,100,3.44
40,Nikolskoye,RU,2022-11-15 17:54:44,59.7035,30.7861,33.8,86,100,8.25
41,Ibra,OM,2022-11-15 17:54:44,22.6906,58.5334,74.07,49,0,4.54
42,Ulundi,ZA,2022-11-15 17:54:45,-28.3352,31.4162,65.66,82,3,2.21
43,Yar-Sale,RU,2022-11-15 17:55:46,66.8333,70.8333,-11.33,96,18,3.15
44,Moerai,PF,2022-11-15 17:55:46,-22.4333,-151.3333,70.61,68,100,12.5
45,Padang,ID,2022-11-15 17:55:47,-0.9492,100.3543,75.78,86,99,4.72
46,Mataura,NZ,2022-11-15 17:55:47,-46.1927,168.8643,58.48,66,94,1.36
47,Provideniya,RU,2022-11-15 17:55:48,64.3833,-173.3,28.51,92,100,16.71
48,Kaitangata,NZ,2022-11-15 17:55:48,-46.2817,169.8464,56.82,77,100,1.7
49,Gijon,ES,2022-11-15 17:55:49,43.5357,-5.6615,60.44,77,33,8.99
50,Dikson,RU,2022-11-15 17:55:49,73.5069,80.5464,-8.66,99,14,6.11
51,Tiksi,RU,2022-11-15 17:55:50,71.6872,128.8694,-16.44,97,100,8.28
52,Bredasdorp,ZA,2022-11-15 17:55:50,-34.5322,20.0403,65.39,65,76,16.06
53,Port Elizabeth,ZA,2022-11-15 17:55:51,-33.918,25.5701,64.69,83,0,19.57
54,Yellowknife,CA,2022-11-15 17:55:01,62.456,-114.3525,25.32,80,100,19.57
55,Constitucion,CL,2022-11-15 17:55:52,-35.3333,-72.4167,69.04,60,93,17.45
56,Atuona,PF,2022-11-15 17:55:52,-9.8,-139.0333,77.52,74,4,17.9
57,Chokurdakh,RU,2022-11-15 17:55:52,70.6333,147.9167,-33.88,100,62,2.04
58,Muskogee,US,2022-11-15 17:53:11,35.5834,-95.3336,38.97,82,98,9.4
59,Narsaq,GL,2022-11-15 17:55:53,60.9167,-46.05,28.78,97,100,0.89
60,Vestmannaeyjar,IS,2022-11-15 17:55:54,63.4427,-20.2734,49.19,93,100,26.46
61,Neuquen,AR,2022-11-15 17:55:54,-38.9516,-68.0591,78.69,31,0,2.3
62,Hasaki,JP,2022-11-15 17:55:55,35.7333,140.8333,46.22,73,57,9.8
63,Rikitea,PF,2022-11-15 17:55:55,-23.1203,-134.9692,74.48,79,100,18.03
64,Georgetown,MY,2022-11-15 17:52:20,5.4112,100.3354,78.89,93,20,2.3
65,Hobart,AU,2022-11-15 17:55:56,-42.8794,147.3294,46.26,78,100,12.66
66,Cidreira,BR,2022-11-15 17:55:56,-30.1811,-50.2056,77.94,44,0,12.66
67,Ponta Delgada,PT,2022-11-15 17:55:57,37.7333,-25.6667,66.51,77,40,18.41
68,Kapaa,US,2022-11-15 17:55:57,22.0752,-159.319,69.1,74,66,1.99
69,Ushuaia,AR,2022-11-15 17:55:58,-54.8,-68.3,62.26,29,20,19.57
70,Joensuu,FI,2022-11-15 17:55:58,62.6012,29.7632,28.89,86,100,6.91
71,Puerto Ayora,EC,2022-11-15 17:55:59,-0.7393,-90.3518,76.96,81,72,5.99
72,Torbay,CA,2022-11-15 17:56:00,47.6666,-52.7314,39.76,75,75,19.57
73,Ghanzi,BW,2022-11-15 17:56:00,-21.5667,21.7833,83.37,31,20,10.25
74,Victoria,HK,2022-11-15 17:53:27,22.2855,114.1577,75.38,85,0,8.01
75,Straumen,NO,2022-11-15 17:56:01,63.8709,11.2999,41.0,70,0,5.82
76,Tasiilaq,GL,2022-11-15 17:56:01,65.6145,-37.6368,20.57,70,71,5.75
77,Butaritari,KI,2022-11-15 17:56:02,3.0707,172.7902,80.02,82,86,16.53
78,Sitka,US,2022-11-15 17:56:02,57.0531,-135.33,44.87,90,100,4.41
79,Kavieng,PG,2022-11-15 17:56:03,-2.5744,150.7967,81.52,71,82,13.24
80,Puerto Baquerizo Moreno,EC,2022-11-15 17:56:04,-0.9,-89.6,72.59,73,100,9.22
81,Hilo,US,2022-11-15 17:56:04,19.7297,-155.09,76.62,85,83,3.0
82,Whitianga,NZ,2022-11-15 17:56:05,-36.8333,175.7,61.21,95,33,4.74
83,Alyangula,AU,2022-11-15 17:56:05,-13.8483,136.4192,82.35,75,97,4.38
84,Carnarvon,AU,2022-11-15 17:56:06,-24.8667,113.6333,71.53,68,0,13.71
85,Salalah,OM,2022-11-15 17:56:07,17.0151,54.0924,76.26,61,1,1.16
86,Hermanus,ZA,2022-11-15 17:56:07,-34.4187,19.2345,66.79,76,81,15.32
87,Svetlogorsk,BY,2022-11-15 17:56:08,52.6333,29.7333,36.32,93,58,5.75
88,Bethel,US,2022-11-15 17:57:08,41.3712,-73.414,43.02,52,81,1.01
89,Marrakesh,MA,2022-11-15 17:57:09,31.6315,-8.0083,77.07,23,0,4.61
90,Sistranda,NO,2022-11-15 17:57:09,63.7256,8.834,44.56,57,2,25.01
91,Hualmay,PE,2022-11-15 17:57:09,-11.0964,-77.6139,69.6,70,29,10.16
92,Hithadhoo,MV,2022-11-15 17:57:10,-0.6,73.0833,81.48,77,97,14.47
93,Bowen,AU,2022-11-15 17:57:11,-20.0167,148.2333,76.95,77,98,3.44
94,Saint-Michel-Des-Saints,CA,2022-11-15 17:52:44,46.6834,-73.9159,29.93,46,74,1.99
95,Hervey Bay,AU,2022-11-15 17:57:11,-25.2986,152.8535,71.13,52,96,6.46
96,Esperance,AU,2022-11-15 17:57:12,-33.8667,121.9,53.53,79,0,15.1
97,Beringovskiy,RU,2022-11-15 17:57:13,63.05,179.3167,35.38,97,100,25.21
98,Kozhva,RU,2022-11-15 17:57:13,65.1073,57.0459,-16.87,100,53,1.74
99,Abha,SA,2022-11-15 17:57:14,18.2164,42.5053,60.62,82,0,8.05
100,Blackwater,AU,2022-11-15 17:57:14,-23.5833,148.8833,71.64,37,91,9.48
101,Vanimo,PG,2022-11-15 17:57:15,-2.6741,141.3028,75.61,88,99,1.41
102,Port Blair,IN,2022-11-15 17:57:15,11.6667,92.75,77.04,88,75,2.3
103,Olot,ES,2022-11-15 17:57:16,42.181,2.4901,66.18,47,97,3.0
104,Qaanaaq,GL,2022-11-15 17:57:16,77.484,-69.3632,-1.57,71,47,5.86
105,Sambava,MG,2022-11-15 17:57:17,-14.2667,50.1667,73.58,87,11,6.46
106,The Valley,AI,2022-11-15 17:57:18,18.217,-63.0578,85.86,70,20,16.11
107,Musafirkhana,IN,2022-11-15 17:57:19,26.3667,81.8,68.13,48,0,5.88
108,Sibolga,ID,2022-11-15 17:57:19,1.7427,98.7792,74.23,95,100,2.01
109,Ostrovnoy,RU,2022-11-15 17:57:20,68.0531,39.5131,37.98,81,100,18.34
110,Pangody,RU,2022-11-15 17:57:21,65.85,74.4859,-13.86,95,9,7.18
111,Takaka,NZ,2022-11-15 17:57:22,-40.85,172.8,53.56,54,72,2.8
112,Nanortalik,GL,2022-11-15 17:57:22,60.1432,-45.2371,30.42,92,100,15.03
113,Broome,US,2022-11-15 17:57:23,42.2506,-75.833,37.71,68,99,3.0
114,Hofn,IS,2022-11-15 17:57:23,64.2539,-15.2082,46.0,94,100,16.28
115,Arraial Do Cabo,BR,2022-11-15 17:57:24,-22.9661,-42.0278,84.16,78,75,8.05
116,Liwale,TZ,2022-11-15 17:57:24,-9.7667,37.9333,76.33,60,34,8.72
117,Siuna,NI,2022-11-15 17:57:25,13.7332,-84.7773,84.76,64,95,5.57
118,Ekhabi,RU,2022-11-15 17:57:25,53.5102,142.9671,16.16,88,26,9.44
119,Lasa,IT,2022-11-15 17:57:26,46.6166,10.7002,43.02,97,95,3.22
120,Purpe,RU,2022-11-15 17:57:26,64.4803,76.6897,-14.48,88,60,12.19
121,Kisumu,KE,2022-11-15 17:57:27,-0.1022,34.7617,68.77,84,90,6.44
122,Norman Wells,CA,2022-11-15 17:57:27,65.282,-126.8329,8.64,85,20,12.66
123,Mar Del Plata,AR,2022-11-15 17:57:24,-38.0023,-57.5575,76.82,40,0,16.11
124,Bereda,ES,2022-11-15 17:57:28,43.2686,-7.5406,54.41,98,46,8.03
125,Grand Forks,US,2022-11-15 17:57:29,47.9417,-97.4337,22.93,93,100,13.8
126,Carauari,BR,2022-11-15 17:57:29,-4.8828,-66.8958,89.87,50,97,5.59
127,Fortuna,US,2022-11-15 17:57:30,40.5982,-124.1573,48.97,100,0,9.22
128,Aklavik,CA,2022-11-15 17:57:30,68.2191,-135.0107,3.54,97,96,5.7
129,Kodiak,US,2022-11-15 17:57:31,57.79,-152.4072,40.51,75,40,5.75
130,Vila Franca Do Campo,PT,2022-11-15 17:57:31,37.7167,-25.4333,66.2,86,53,10.31
131,Longyearbyen,SJ,2022-11-15 17:57:32,78.2186,15.6401,30.04,93,75,5.75
132,Sobolevo,RU,2022-11-15 17:58:32,54.4299,31.8996,34.65,96,100,5.59
133,Sur,OM,2022-11-15 17:58:33,22.5667,59.5289,79.32,65,0,6.98
134,San Rafael,AR,2022-11-15 17:58:33,-34.6177,-68.3301,87.4,19,52,18.07
135,Isangel,VU,2022-11-15 17:58:34,-19.55,169.2667,72.93,76,0,2.39
136,Ierapetra,GR,2022-11-15 17:58:34,35.01,25.7353,63.14,61,13,4.0
137,Bullhead City,US,2022-11-15 17:58:35,35.1478,-114.5683,60.71,34,60,17.0
138,Half Moon Bay,US,2022-11-15 17:58:35,37.4636,-122.4286,59.43,53,0,8.05
139,Alofi,NU,2022-11-15 17:58:36,-19.0595,-169.9187,75.09,100,98,4.61
140,Sinnamary,GF,2022-11-15 17:58:37,5.3833,-52.95,85.6,63,20,12.82
141,Saint-Philippe,RE,2022-11-15 17:58:37,-21.3585,55.7679,71.19,65,38,11.72
142,Urucara,BR,2022-11-15 17:58:38,-2.5364,-57.76,99.3,32,95,2.95
143,Kosonsoy,UZ,2022-11-15 17:58:38,41.2561,71.5508,41.56,50,100,4.68
144,Rio Grande,BR,2022-11-15 17:58:38,-32.035,-52.0986,84.31,44,0,19.1
145,Saint-Francois,FR,2022-11-15 17:55:11,46.4154,3.9054,54.84,94,100,3.44
146,Trincomalee,LK,2022-11-15 17:58:39,8.5711,81.2335,80.64,75,96,7.45
147,Tuktoyaktuk,CA,2022-11-15 17:58:40,69.4541,-133.0374,-2.2,84,40,3.44
148,Ampanihy,MG,2022-11-15 17:58:40,-24.7,44.75,74.37,79,100,2.91
149,Atyrau,KZ,2022-11-15 17:58:41,47.1167,51.8833,28.42,69,40,8.95
150,Pevek,RU,2022-11-15 17:58:41,69.7008,170.3133,-10.16,98,96,1.34
151,Leningradskiy,RU,2022-11-15 17:58:42,69.3833,178.4167,1.72,94,100,2.19
152,Bisira,PA,2022-11-15 17:58:42,8.5196,-81.7115,67.08,87,93,2.13
153,Bonthe,SL,2022-11-15 17:58:43,7.5264,-12.505,80.17,78,87,6.04
154,Khatanga,RU,2022-11-15 17:58:43,71.9667,102.5,-8.32,96,100,11.3
155,Asfi,MA,2022-11-15 17:58:44,32.2994,-9.2372,68.41,73,77,8.25
156,Kawalu,ID,2022-11-15 17:58:44,-7.3817,108.2082,72.77,99,100,0.25
157,Sao Geraldo Do Araguaia,BR,2022-11-15 17:58:45,-6.4006,-48.555,85.17,71,44,3.98
158,Pangnirtung,CA,2022-11-15 17:58:46,66.1451,-65.7125,1.69,94,98,2.77
159,Luderitz,NA,2022-11-15 17:58:47,-26.6481,15.1594,61.68,79,5,14.79
160,San Jose,US,2022-11-15 17:55:52,37.3394,-121.895,59.38,52,0,10.36
161,Abapo,BO,2022-11-15 17:58:47,-18.8333,-63.4667,85.12,34,85,4.65
162,Haines Junction,CA,2022-11-15 17:58:48,60.7522,-137.5108,31.95,93,100,3.44
163,Sampit,ID,2022-11-15 17:58:48,-2.5333,112.95,74.59,98,100,3.11
164,Lantawan,PH,2022-11-15 17:58:49,10.6167,123.9833,78.49,89,26,4.36
165,Powell River,CA,2022-11-15 17:57:41,49.8496,-124.5361,39.2,100,100,2.3
166,Deputatskiy,RU,2022-11-15 17:58:49,69.3,139.9,-31.74,99,28,4.38
167,Manokwari,ID,2022-11-15 17:58:50,-0.8667,134.0833,78.96,82,86,0.29
168,Mutare,ZW,2022-11-15 17:58:50,-18.9707,32.6709,65.79,82,91,3.0
169,Saint Anthony,US,2022-11-15 17:58:51,45.0205,-93.218,33.66,90,100,8.05
170,Mount Gambier,AU,2022-11-15 17:58:51,-37.8333,140.7667,44.31,76,86,4.61
171,Saint George,US,2022-11-15 17:57:19,37.1041,-113.5841,46.44,41,0,4.0
172,Salon-De-Provence,FR,2022-11-15 17:58:52,43.6407,5.0954,65.28,77,100,12.66
173,Upernavik,GL,2022-11-15 17:58:52,72.7868,-56.1549,18.75,88,100,11.16
174,Lagoa,PT,2022-11-15 17:58:53,39.05,-27.9833,63.9,88,36,24.16
175,Mezen,RU,2022-11-15 17:58:53,65.8522,44.24,24.26,93,77,7.16
176,Faya,SA,2022-11-15 17:58:54,18.3851,42.4509,60.91,80,15,4.54
177,Cockburn Town,TC,2022-11-15 17:59:50,21.4612,-71.1419,84.16,70,40,11.5
178,Ust-Nera,RU,2022-11-15 17:59:55,64.5667,143.2,-5.53,99,100,4.27
179,Mehamn,NO,2022-11-15 17:59:55,71.0357,27.8492,40.95,75,75,20.71
180,Vaitape,PF,2022-11-15 17:59:56,-16.5167,-151.75,78.04,78,99,0.94
181,Marystown,CA,2022-11-15 17:59:56,47.1666,-55.1483,39.81,61,40,15.93
182,Rurrenabaque,BO,2022-11-15 17:59:57,-14.4413,-67.5278,87.49,69,75,11.5
183,Caucaia,BR,2022-11-15 17:59:57,-3.7361,-38.6531,89.31,68,0,14.97
184,La Ronge,CA,2022-11-15 17:59:58,55.1001,-105.2842,23.25,80,100,4.61
185,Ridgecrest,US,2022-11-15 17:59:58,35.6225,-117.6709,55.02,31,0,4.0
186,Coari,BR,2022-11-15 17:59:59,-4.085,-63.1414,84.2,75,96,3.09
187,Ahipara,NZ,2022-11-15 18:00:00,-35.1667,173.1667,62.1,93,63,3.36
188,Nelson Bay,AU,2022-11-15 18:00:00,-32.7167,152.15,62.11,60,80,11.99
189,Husavik,IS,2022-11-15 18:00:01,66.0449,-17.3389,43.57,91,100,9.17
190,Saskylakh,RU,2022-11-15 18:00:02,71.9167,114.0833,-8.52,96,100,6.31
191,Irbeyskoye,RU,2022-11-15 18:00:04,55.6428,95.4522,39.94,62,97,17.22
192,Cherskiy,RU,2022-11-15 18:00:05,68.75,161.3,-22.83,98,41,8.16
193,Kaabong,UG,2022-11-15 18:00:07,3.4836,34.1492,71.02,55,57,12.55
194,Portland,US,2022-11-15 17:58:11,45.5234,-122.6762,48.94,56,0,17.0
195,Kavaratti,IN,2022-11-15 18:00:09,10.5669,72.642,81.93,72,93,5.79
196,Kikwit,CD,2022-11-15 18:00:10,-5.041,18.8162,71.98,95,76,1.39
197,Verkhnevilyuysk,RU,2022-11-15 18:00:11,63.4453,120.3167,-30.64,100,41,2.55
198,Obihiro,JP,2022-11-15 18:00:11,42.9172,143.2044,34.88,88,97,3.31
199,San Quintin,MX,2022-11-15 18:00:12,30.4833,-115.95,64.99,38,19,3.87
200,Biak,ID,2022-11-15 18:00:13,-0.9131,122.8766,78.21,81,100,1.74
201,Safaga,EG,2022-11-15 18:00:14,26.7292,33.9365,72.77,49,0,15.9
202,Chuy,UY,2022-11-15 18:00:15,-33.6971,-53.4616,76.5,38,16,18.52
203,Jorhat,IN,2022-11-15 18:00:17,26.75,94.2167,61.54,90,0,2.06
204,Tautira,PF,2022-11-15 18:00:17,-17.7333,-149.15,78.28,79,100,4.21
205,Dunedin,NZ,2022-11-15 18:00:18,-45.8742,170.5036,56.8,97,100,2.77
206,Illela,NG,2022-11-15 18:00:19,13.7292,5.2975,79.07,13,3,10.09
207,Morant Bay,JM,2022-11-15 18:00:20,17.8815,-76.4093,88.72,68,12,10.11
208,Arlit,NE,2022-11-15 18:00:21,18.7369,7.3853,75.47,14,36,17.0
209,Kushmurun,KZ,2022-11-15 18:00:22,52.4503,64.6311,23.45,95,100,10.4
210,Mahebourg,MU,2022-11-15 17:59:49,-20.4081,57.7,71.89,64,40,6.91
211,Basoko,CD,2022-11-15 18:00:24,1.2391,23.616,74.3,86,100,5.26
212,Iquitos,PE,2022-11-15 18:00:25,-3.7481,-73.2472,90.91,51,100,4.68
213,North Bend,US,2022-11-15 18:00:21,43.4065,-124.2243,48.16,100,0,4.59
214,Espirito Santo Do Pinhal,BR,2022-11-15 18:00:28,-22.1158,-46.6828,77.54,64,96,5.01
215,Zhigansk,RU,2022-11-15 18:00:29,66.7697,123.3711,-19.88,97,100,10.67
216,Kharan,PK,2022-11-15 18:00:29,28.5833,65.4167,70.75,25,24,2.91
217,Porto Velho,BR,2022-11-15 18:00:30,-8.7619,-63.9039,89.65,58,75,6.91
218,Poum,NC,2022-11-15 18:00:30,-20.2333,164.0167,75.88,79,1,6.6
219,Ilulissat,GL,2022-11-15 18:00:31,69.2167,-51.1,24.82,86,75,3.44
220,Cravo Norte,CO,2022-11-15 18:01:32,6.3017,-70.2041,87.03,63,73,7.45
221,Bolobo,CD,2022-11-15 18:01:32,-2.1667,16.2333,73.85,88,82,0.51
222,Imbituba,BR,2022-11-15 18:01:33,-28.24,-48.6703,75.47,52,5,6.26
223,Grindavik,IS,2022-11-15 18:01:33,63.8424,-22.4338,46.87,87,100,13.8
224,Clocolan,ZA,2022-11-15 18:01:34,-28.9137,27.5656,62.6,61,48,0.47
225,Zabaykalsk,RU,2022-11-15 18:01:34,49.6333,117.3167,13.57,91,28,5.46
226,Alice Springs,AU,2022-11-15 18:01:35,-23.7,133.8833,71.15,30,99,8.05
227,Cabo San Lucas,MX,2022-11-15 18:01:09,22.8909,-109.9124,81.61,66,34,1.01
228,Tabou,CI,2022-11-15 18:01:36,4.423,-7.3528,79.7,78,19,6.08
229,San Angelo,US,2022-11-15 18:01:36,31.4638,-100.437,48.38,43,0,8.05
230,Orguz,BA,2022-11-15 18:01:37,43.7739,16.8639,49.05,92,91,3.67
231,Sisimiut,GL,2022-11-15 18:01:38,66.9395,-53.6735,18.37,91,100,8.32
232,Barinitas,VE,2022-11-15 18:01:38,8.7622,-70.4111,87.28,80,71,3.53
233,Yinchuan,CN,2022-11-15 18:00:13,38.4681,106.2731,43.03,21,99,4.7
234,Waspan,NI,2022-11-15 18:01:39,14.7419,-83.9717,89.94,51,42,7.78
235,Chimoio,MZ,2022-11-15 18:01:39,-19.1164,33.4833,69.53,69,53,3.02
236,Pangkalanbuun,ID,2022-11-15 18:01:40,-2.6833,111.6167,74.41,96,100,2.64
237,Russellville,US,2022-11-15 18:01:41,35.2784,-93.1338,44.74,70,100,12.66
238,Tuatapere,NZ,2022-11-15 18:01:41,-46.1333,167.6833,54.07,78,100,3.4
239,Jalu,LY,2022-11-15 18:01:23,29.0331,21.5482,65.05,42,1,6.33
240,Biloela,AU,2022-11-15 18:01:42,-24.4167,150.5,70.72,44,65,6.17
241,Fort Nelson,CA,2022-11-15 18:01:43,58.8053,-122.7002,31.95,82,42,2.59
242,Korla,CN,2022-11-15 18:00:32,41.7597,86.1469,36.28,53,98,0.96
243,Pandharpur,IN,2022-11-15 17:59:30,17.6667,75.3333,73.74,49,0,8.12
244,Faanui,PF,2022-11-15 18:01:44,-16.4833,-151.75,78.06,78,98,0.98
245,Siavonga,ZM,2022-11-15 18:01:44,-16.5382,28.7088,80.2,62,20,2.37
246,Makaryev,RU,2022-11-15 18:01:45,57.8797,43.8069,26.08,77,55,3.47
247,Elkton,US,2022-11-15 18:00:54,39.6068,-75.8333,46.13,66,100,1.01
248,Cayenne,GF,2022-11-15 18:00:08,4.9333,-52.3333,89.64,62,20,14.97
249,San Patricio,US,2022-11-15 18:01:47,28.017,-97.5169,57.06,49,57,15.19
250,Lavrentiya,RU,2022-11-15 18:01:47,65.5833,-171.0,29.84,82,100,22.46
251,Muzaffarabad,PK,2022-11-15 18:01:48,34.37,73.4711,51.21,57,39,6.06
252,Namibe,AO,2022-11-15 18:01:50,-15.1961,12.1522,68.18,77,72,11.05
253,Kahului,US,2022-11-15 18:01:50,20.8947,-156.47,71.83,97,95,1.01
254,Lieksa,FI,2022-11-15 18:01:50,63.3167,30.0167,31.75,74,100,5.68
255,Savinka,RU,2022-11-15 18:01:51,50.0785,47.0994,27.55,68,24,7.78
256,Vysokogornyy,RU,2022-11-15 18:01:52,50.1167,139.15,9.3,98,92,1.61
257,Antofagasta,CL,2022-11-15 18:00:03,-23.65,-70.4,68.85,62,6,8.84
258,Katsuura,JP,2022-11-15 18:01:53,35.1333,140.3,56.44,78,70,6.22
259,Yulara,AU,2022-11-15 18:01:28,-25.2406,130.9889,72.9,33,100,9.17
260,Pangai,TO,2022-11-15 18:01:53,-19.8,-174.35,77.49,82,48,8.32
261,Lebu,CL,2022-11-15 18:01:54,-37.6167,-73.65,63.19,71,6,8.68
262,Show Low,US,2022-11-15 18:01:01,34.2542,-110.0298,49.08,41,0,10.36
263,Palmas,BR,2022-11-15 18:01:54,-10.2128,-48.3603,85.24,63,94,3.8
264,Teresina,BR,2022-11-15 18:01:55,-5.0892,-42.8019,101.17,24,67,3.44
265,Pilar,BR,2022-11-15 18:01:55,-9.5972,-35.9567,85.93,58,53,11.54
266,Harbour Breton,CA,2022-11-15 18:01:56,47.4833,-55.7983,39.63,61,52,14.58
267,Masterton,NZ,2022-11-15 18:02:56,-40.9597,175.6575,51.89,86,2,3.04
268,Dabakala,CI,2022-11-15 18:02:57,8.3667,-4.4333,82.45,44,5,3.2
269,Nanyamba,TZ,2022-11-15 18:02:58,-10.6833,39.8333,71.02,87,97,4.27
270,Sivas,TR,2022-11-15 18:02:58,39.7916,37.0019,41.63,70,0,4.61
271,Shimanovsk,RU,2022-11-15 18:02:59,52.0,127.7,17.17,94,100,4.74
272,Muroto,JP,2022-11-15 18:02:59,33.2833,134.15,59.61,56,0,13.51
273,Severo-Yeniseyskiy,RU,2022-11-15 18:03:00,60.3725,93.0408,17.74,97,100,1.1
274,Athabasca,CA,2022-11-15 18:00:20,54.7169,-113.2854,34.43,76,82,14.09
275,Rio Gallegos,AR,2022-11-15 18:03:00,-51.6226,-69.2181,70.81,16,79,23.98
276,Nome,US,2022-11-15 18:03:02,64.5011,-165.4064,21.27,86,100,16.11
277,Sagarejo,GE,2022-11-15 18:03:02,41.734,45.3315,43.23,78,4,3.51
278,Inhambane,MZ,2022-11-15 18:03:03,-23.865,35.3833,71.58,73,20,4.61
279,Effium,NG,2022-11-15 18:03:04,6.6292,8.0593,81.48,39,95,1.57
280,Abu Samrah,SY,2022-11-15 18:03:04,35.3029,37.1841,61.97,69,36,1.88
281,Otane,NZ,2022-11-15 18:03:04,-39.8833,176.6333,61.02,90,27,1.3
282,Coahuayana,MX,2022-11-15 18:03:05,18.7333,-103.6833,89.56,45,60,3.98
283,Puerto Escondido,MX,2022-11-15 18:03:05,15.85,-97.0667,86.83,58,0,6.91
284,Loreto,MX,2022-11-15 18:03:06,22.2667,-101.9667,72.93,25,9,13.11
285,Banjar,ID,2022-11-15 18:03:07,-8.19,114.9675,78.22,88,100,2.35
286,Zemetchino,RU,2022-11-15 18:03:08,53.4973,42.6163,29.19,69,99,3.83
287,Saint-Pierre,RE,2022-11-15 18:03:09,-21.3393,55.4781,71.91,49,0,10.36
288,Ossora,RU,2022-11-15 18:03:09,59.2353,163.0719,26.19,75,99,17.92
289,Hami,CN,2022-11-15 18:03:10,42.8,93.45,36.9,40,28,3.87
290,Walvis Bay,NA,2022-11-15 18:03:10,-22.9575,14.5053,62.1,75,11,20.85
291,Ambilobe,MG,2022-11-15 18:03:11,-13.2,49.05,76.82,75,89,1.97
292,Den Helder,NL,2022-11-15 18:03:12,52.9599,4.7593,53.58,81,100,21.0
293,Nemuro,JP,2022-11-15 18:01:03,43.3236,145.575,44.91,81,100,11.63
294,Ginda,IN,2022-11-15 18:03:13,30.6945,78.4932,46.15,49,4,6.71
295,Dudinka,RU,2022-11-15 18:03:13,69.4058,86.1778,-24.5,100,98,2.04
296,Monte Alegre De Minas,BR,2022-11-15 18:03:14,-18.8706,-48.8808,83.75,47,100,0.94
297,Monrovia,LR,2022-11-15 17:58:23,6.3005,-10.7969,79.43,79,97,4.56
298,Mana,GF,2022-11-15 18:03:15,5.6592,-53.7767,85.68,65,42,11.83
299,Scarborough,GB,2022-11-15 18:01:36,54.2797,-0.4044,53.65,92,100,3.0
300,Montepuez,MZ,2022-11-15 18:03:15,-13.1256,38.9997,75.42,64,25,5.61
301,Ous,RU,2022-11-15 18:03:16,60.9058,61.5186,1.49,88,100,8.66
302,Saint-Joseph,RE,2022-11-15 18:03:17,-21.3667,55.6167,70.18,64,19,12.19
303,Kandi,BJ,2022-11-15 18:03:17,11.1342,2.9386,79.36,20,76,5.41
304,Payson,US,2022-11-15 18:03:18,40.0444,-111.7321,34.11,67,40,5.75
305,Santa Cruz De Tenerife,ES,2022-11-15 17:59:42,28.4682,-16.2546,78.28,70,0,5.75
306,Montrose,US,2022-11-15 18:01:16,38.4166,-108.2673,24.21,46,43,9.57
307,Toronto,CA,2022-11-15 18:00:29,43.7001,-79.4163,32.49,87,100,13.8
308,Kapoeta,SS,2022-11-15 18:03:19,4.7717,33.5903,81.64,51,97,4.34
309,Corrales,US,2022-11-15 18:03:20,35.2378,-106.6067,47.05,37,0,4.0
310,Ixtapa,MX,2022-11-15 18:03:20,20.7,-105.2,80.22,65,0,6.91
311,Jiuquan,CN,2022-11-15 18:03:21,39.7432,98.5174,32.0,29,12,5.1
312,Alta Floresta,BR,2022-11-15 17:59:57,-9.8756,-56.0861,94.37,37,99,4.72
313,Smalininkai,LT,2022-11-15 18:04:22,55.0735,22.5793,41.36,86,80,9.04
314,Buenavista,PH,2022-11-15 18:04:23,8.9769,125.4089,75.67,90,100,4.43
315,Dukat,RU,2022-11-15 18:04:24,62.55,155.55,-10.77,84,100,5.77
316,Rovenki,UA,2022-11-15 18:04:25,48.0833,39.3776,29.79,52,20,6.22
317,Santa Barbara,US,2022-11-15 18:03:48,34.7333,-120.0343,59.77,76,0,0.0
318,Arkhara,RU,2022-11-15 18:04:25,49.4212,130.0842,15.84,95,86,4.88
319,Ambon,ID,2022-11-15 18:04:26,-3.6954,128.1814,78.94,89,40,4.61
320,Zeya,RU,2022-11-15 18:04:26,53.75,127.2667,13.68,91,100,3.78
321,Auki,SB,2022-11-15 18:04:27,-8.7676,160.7034,75.7,86,99,3.91
322,Havoysund,NO,2022-11-15 18:04:27,70.9963,24.6622,41.23,72,100,22.57
323,Mudgee,AU,2022-11-15 18:04:28,-32.5943,149.5871,39.88,88,26,2.86
324,Salinopolis,BR,2022-11-15 18:04:28,-0.6136,-47.3561,84.67,64,34,13.65
325,Broken Hill,AU,2022-11-15 18:04:29,-31.95,141.4333,49.69,63,4,13.67
326,Lata,PT,2022-11-15 18:04:29,40.1629,-8.3327,60.82,95,100,3.62
327,Jaru,BR,2022-11-15 18:04:30,-10.4389,-62.4664,93.97,42,97,2.84
328,Sombrio,BR,2022-11-15 18:04:30,-29.1139,-49.6167,79.93,39,6,9.86
329,Rincon,US,2022-11-15 18:04:31,32.296,-81.2354,73.36,68,75,4.61
330,Griffith,US,2022-11-15 18:04:31,41.5284,-87.4237,37.09,85,100,6.91
331,Manggar,ID,2022-11-15 18:04:32,-2.8833,108.2667,79.27,85,100,5.95
332,Klaksvik,FO,2022-11-15 18:04:32,62.2266,-6.589,49.12,91,98,36.82
333,Lorengau,PG,2022-11-15 18:04:33,-2.0226,147.2712,79.61,80,97,2.04
334,Goderich,CA,2022-11-15 18:00:03,43.7501,-81.7165,34.92,74,100,17.9
335,Clyde River,CA,2022-11-15 18:04:34,70.4692,-68.5914,-2.92,76,6,3.44
336,Kirakira,SB,2022-11-15 18:04:34,-10.4544,161.9205,78.93,79,56,2.1
337,Codrington,AU,2022-11-15 18:04:35,-38.2667,141.9667,46.72,72,79,11.23
338,Nicolas De Pierola,PE,2022-11-15 18:04:35,-11.95,-76.7,59.29,41,27,12.64
339,Souillac,MU,2022-11-15 18:04:36,-20.5167,57.5167,71.98,68,20,8.05
340,Yarim,YE,2022-11-15 18:04:36,14.298,44.3779,52.21,38,0,5.06
341,Kruisfontein,ZA,2022-11-15 18:04:37,-34.0033,24.7314,60.31,81,93,12.24
342,Adre,TD,2022-11-15 18:04:37,13.4667,22.2,74.71,20,16,10.56
343,Preobrazheniye,RU,2022-11-15 18:04:38,42.9019,133.9064,31.19,68,1,7.47
344,Muscat,OM,2022-11-15 18:04:30,23.6139,58.5922,80.62,50,0,3.13
345,Ancud,CL,2022-11-15 18:04:38,-41.8697,-73.8203,54.75,98,100,15.64
346,Jashpurnagar,IN,2022-11-15 18:04:39,22.9,84.15,57.52,58,0,5.28
347,Dodge City,US,2022-11-15 18:00:05,37.7528,-100.0171,37.26,70,38,14.0
348,Baicheng,CN,2022-11-15 18:04:40,45.6167,122.8167,28.76,37,24,8.84
349,Bambanglipuro,ID,2022-11-15 18:04:40,-7.95,110.2833,75.52,94,100,2.13
350,Strezhevoy,RU,2022-11-15 18:04:41,60.7333,77.5889,9.23,92,100,12.24
351,Mantua,IT,2022-11-15 18:04:41,45.1667,10.7833,50.09,91,100,1.99
352,Tala,EG,2022-11-15 18:04:42,30.6803,30.9429,61.52,62,40,6.46
353,Egvekinot,RU,2022-11-15 18:04:43,66.3167,-179.1667,22.69,96,100,26.31
354,Havre-Saint-Pierre,CA,2022-11-15 18:02:50,50.2334,-63.5986,30.18,65,60,9.53
355,Estelle,US,2022-11-15 18:04:43,29.8458,-90.1067,57.2,81,100,15.01
356,Abu Dhabi,AE,2022-11-15 18:01:35,24.4667,54.3667,80.96,69,0,12.64
357,Beberibe,BR,2022-11-15 18:04:44,-4.1797,-38.1306,84.25,56,56,11.74
358,Cap Malheureux,MU,2022-11-15 18:01:14,-19.9842,57.6142,69.48,66,24,4.0
359,Severo-Kurilsk,RU,2022-11-15 18:04:45,50.6789,156.125,35.47,70,90,26.22
360,San Cristobal,VE,2022-11-15 18:05:46,7.7669,-72.225,80.78,54,95,5.93
361,Adrar,MR,2022-11-15 18:05:47,20.5022,-10.0711,78.66,28,36,11.25
362,Saldanha,ZA,2022-11-15 18:05:48,-33.0117,17.9442,65.21,74,54,7.45
363,Bouloupari,NC,2022-11-15 18:05:48,-21.8667,166.05,64.31,81,5,4.14
364,Karratha,AU,2022-11-15 18:05:49,-20.7377,116.8463,75.31,66,48,11.39
365,Los Llanos De Aridane,ES,2022-11-15 18:05:49,28.6585,-17.9182,71.35,73,0,9.22
366,Samarai,PG,2022-11-15 18:05:50,-10.6167,150.6667,82.11,80,89,13.35
367,Puerto Lempira,HN,2022-11-15 18:05:50,15.2667,-83.7667,86.14,70,40,9.22
368,Luwuk,ID,2022-11-15 18:05:51,-0.9516,122.7875,80.08,82,100,1.68
369,Menongue,AO,2022-11-15 18:05:51,-14.6585,17.691,75.7,49,70,8.81
370,Aberdeen,GB,2022-11-15 18:01:06,57.1437,-2.0981,52.48,96,100,23.02
371,Karlskrona,SE,2022-11-15 18:05:52,56.1616,15.5866,45.05,75,100,19.66
372,Green River,US,2022-11-15 18:05:52,41.5286,-109.4662,27.19,63,20,1.01
373,Calama,CL,2022-11-15 18:02:37,-22.4667,-68.9333,76.55,10,0,15.82
374,Shingu,JP,2022-11-15 18:03:22,33.7333,135.9833,52.05,69,1,7.29
375,Paracuru,BR,2022-11-15 18:05:53,-3.41,-39.0306,82.11,52,90,13.91
376,Sembe,CG,2022-11-15 18:05:54,1.6481,14.5806,71.29,96,66,2.06
377,Dalton,US,2022-11-15 18:05:54,34.7698,-84.9702,46.76,97,100,6.91
378,Assiniboia,CA,2022-11-15 18:05:55,49.6334,-105.9845,15.31,92,89,3.65
379,Ilhabela,BR,2022-11-15 18:05:55,-23.7781,-45.3581,75.34,69,100,8.55
380,Banjarmasin,ID,2022-11-15 18:05:56,-3.3244,114.591,77.14,97,94,3.36
381,Arsenyev,RU,2022-11-15 18:05:39,44.1631,133.2733,19.71,96,19,1.99
382,Rancho Palos Verdes,US,2022-11-15 18:05:57,33.7445,-118.387,69.15,40,0,3.0
383,Miracema Do Tocantins,BR,2022-11-15 18:05:58,-9.5618,-48.3967,88.65,55,98,2.51
384,Kashi,CN,2022-11-15 18:05:58,39.4547,75.9797,37.83,38,48,1.7
385,Road Town,VG,2022-11-15 18:05:59,18.4167,-64.6167,86.09,79,40,12.66
386,Dicabisagan,PH,2022-11-15 18:05:59,17.0818,122.4157,78.17,87,41,4.76
387,Port Macquarie,AU,2022-11-15 18:05:24,-31.4333,152.9167,58.89,76,24,11.12
388,Temir,KZ,2022-11-15 18:06:00,49.1414,57.13,23.61,78,99,19.71
389,Snezhnogorsk,RU,2022-11-15 18:06:01,69.1933,33.2531,33.58,81,100,21.05
390,Camacha,PT,2022-11-15 18:06:01,33.0833,-16.3333,67.42,78,40,8.05
391,Moron,AR,2022-11-15 18:06:02,-34.6534,-58.6198,89.8,25,0,12.5
392,Yen Bai,VN,2022-11-15 18:06:03,21.7,104.8667,73.06,97,27,2.42
393,Bilibino,RU,2022-11-15 18:06:04,68.0546,166.4372,-1.37,85,99,6.89
394,Shimoda,JP,2022-11-15 18:06:05,34.6667,138.95,50.11,72,5,17.98
395,Quatre Cocos,MU,2022-11-15 18:06:06,-20.2078,57.7625,71.71,59,28,12.46
396,Xining,CN,2022-11-15 18:06:06,36.6167,101.7667,33.85,53,94,0.85
397,Tarakan,ID,2022-11-15 18:06:07,3.3,117.6333,79.97,78,100,4.94
398,Sinnar,SD,2022-11-15 18:06:08,13.5691,33.5672,84.16,26,13,11.3
399,Mangrol,IN,2022-11-15 18:06:08,21.1167,70.1167,78.4,55,0,8.95
400,Calabozo,VE,2022-11-15 18:06:08,8.9242,-67.4293,85.68,64,36,5.46
401,Glauchau,DE,2022-11-15 18:06:09,50.8167,12.5333,49.01,91,11,4.61
402,Bosaso,SO,2022-11-15 18:06:10,11.2842,49.1816,78.17,68,5,3.11
403,Miraflores,MX,2022-11-15 18:06:11,19.2167,-98.8083,75.97,34,16,2.1
404,Aboso,GH,2022-11-15 18:06:11,5.3617,-1.9473,78.44,81,71,5.1
405,Hedaru,TZ,2022-11-15 18:07:12,-4.5,37.9,76.03,70,55,6.46
406,Hastings,GB,2022-11-15 18:07:12,50.8552,0.5729,55.33,82,100,18.84
407,Vyartsilya,RU,2022-11-15 18:07:13,62.1764,30.693,30.61,100,92,4.76
408,Inuvik,CA,2022-11-15 18:07:14,68.3499,-133.7218,6.26,97,99,3.8
409,Luena,AO,2022-11-15 18:07:15,-11.7833,19.9167,66.11,80,69,3.44
410,Kyabe,TD,2022-11-15 18:07:16,9.4515,18.9449,81.59,27,18,4.05
411,Iqaluit,CA,2022-11-15 18:07:17,63.7506,-68.5145,8.33,78,75,17.27
412,Radhanpur,IN,2022-11-15 18:07:17,23.8333,71.6,77.58,42,0,4.76
413,Antalaha,MG,2022-11-15 18:07:18,-14.9003,50.2788,71.94,91,4,6.78
414,Champerico,GT,2022-11-15 18:07:18,14.3,-91.9167,93.74,72,19,5.06
415,Bordighera,IT,2022-11-15 18:07:19,43.7806,7.6645,60.75,69,98,10.56
416,Florianopolis,BR,2022-11-15 18:07:20,-27.6146,-48.5012,82.22,44,40,17.27
417,Marsh Harbour,BS,2022-11-15 18:05:40,26.5412,-77.0636,80.31,71,6,8.66
418,Bonavista,CA,2022-11-15 18:07:21,48.6499,-53.1147,36.32,77,95,21.61
419,Halifax,CA,2022-11-15 18:03:37,44.6453,-63.5724,43.45,61,25,13.0
420,Turbat,PK,2022-11-15 18:07:22,26.0023,63.044,76.14,71,1,8.52
421,Humaita,BR,2022-11-15 18:07:22,-7.5061,-63.0208,88.99,54,79,0.87
422,Sanming,CN,2022-11-15 18:07:23,26.2486,117.6186,63.82,96,100,1.99
423,Nalut,LY,2022-11-15 18:07:23,30.3333,10.85,63.59,27,0,4.97
424,Lompoc,US,2022-11-15 18:07:24,34.6391,-120.4579,55.85,80,0,1.01
425,Teahupoo,PF,2022-11-15 18:07:25,-17.8333,-149.2667,75.16,80,99,5.14
426,Vetlanda,SE,2022-11-15 18:07:26,57.4289,15.0776,42.31,68,100,13.18
427,Isabela,PH,2022-11-15 18:07:27,6.7085,121.9711,78.85,85,100,3.04
428,Moose Factory,CA,2022-11-15 18:07:27,51.2585,-80.6094,15.78,79,75,6.91
429,Dombarovskiy,RU,2022-11-15 18:07:28,50.7587,59.5386,24.31,86,100,17.85
430,Taywarah,AF,2022-11-15 18:07:28,33.35,64.4167,32.47,43,50,2.75
431,Tarnogskiy Gorodok,RU,2022-11-15 18:07:29,60.4997,43.5761,22.21,72,96,2.48
432,Hornepayne,CA,2022-11-15 18:07:29,49.2138,-84.7705,24.76,69,90,4.94
433,Nainpur,IN,2022-11-15 18:07:30,22.4333,80.1167,60.51,54,0,3.49
434,El Alto,PE,2022-11-15 18:07:30,-4.2714,-81.2147,73.06,68,79,13.06
435,Zilair,RU,2022-11-15 18:07:31,52.2332,57.4392,14.9,90,100,10.94
436,Dingle,PH,2022-11-15 18:07:31,10.9995,122.6711,75.74,93,65,6.98
437,Granada,ES,2022-11-15 18:07:32,37.25,-3.25,55.45,86,77,11.25
438,Magistralnyy,RU,2022-11-15 18:07:32,56.1725,107.4458,25.25,96,100,4.92
439,Grand-Santi,GF,2022-11-15 18:07:33,4.25,-54.3833,94.26,34,94,4.65
440,Bundaberg,AU,2022-11-15 18:07:33,-24.85,152.35,74.21,99,89,1.99
441,Dubai,AE,2022-11-15 18:04:35,25.2582,55.3047,84.45,61,0,12.66
442,Diego De Almagro,CL,2022-11-15 18:07:34,-26.3667,-70.05,79.32,25,45,13.44
443,Kupang,ID,2022-11-15 18:07:34,-10.1667,123.5833,79.83,86,90,3.78
444,Sao Filipe,CV,2022-11-15 18:07:35,14.8961,-24.4956,76.48,71,71,8.79
445,Ketchikan,US,2022-11-15 18:06:42,55.3422,-131.6461,39.67,93,20,3.44
446,San-Pedro,CI,2022-11-15 18:07:36,4.7485,-6.6363,78.91,81,6,5.37
447,Novobirilyussy,RU,2022-11-15 18:07:36,56.9514,90.6661,34.61,97,100,12.5
448,Berlevag,NO,2022-11-15 18:07:36,70.8578,29.0864,40.95,81,100,32.21
449,Xinmin,CN,2022-11-15 18:07:37,41.9908,122.8253,31.6,71,0,4.7
450,Grand-Lahou,CI,2022-11-15 18:07:38,5.1367,-5.0242,79.84,78,72,7.43
451,Paragominas,BR,2022-11-15 18:07:38,-2.9667,-47.4833,85.98,61,96,2.13
452,Devonport,AU,2022-11-15 18:07:39,-41.1667,146.35,42.01,75,34,7.99
453,Vegueta,PE,2022-11-15 18:07:39,-11.0231,-77.6431,68.43,73,32,9.95
454,Linkou,CN,2022-11-15 18:08:40,45.3,130.2833,14.52,96,7,2.01
455,Harrison,US,2022-11-15 18:05:15,30.4091,-89.0436,59.07,82,100,19.57
456,Namatanai,PG,2022-11-15 18:08:41,-3.6667,152.4333,78.85,74,100,7.0
457,Dakar,SN,2022-11-15 18:05:41,14.6937,-17.4441,81.21,66,97,12.1
458,Saint-Leu,RE,2022-11-15 18:08:42,-21.15,55.2833,71.31,63,41,8.16
459,Mendi,PG,2022-11-15 18:08:42,-6.1761,143.6513,53.64,97,100,3.56
460,Rijeka,HR,2022-11-15 18:08:43,45.3431,14.4092,55.2,85,75,6.91
461,Chuguyevka,RU,2022-11-15 18:08:43,44.1653,133.8633,17.89,97,74,2.21
462,Windhoek,NA,2022-11-15 18:07:58,-22.5594,17.0832,80.11,18,0,18.92
463,Pipar,IN,2022-11-15 18:08:44,26.3856,73.5378,69.76,39,5,9.13
464,Matagami,CA,2022-11-15 18:08:44,49.7502,-77.6328,26.6,77,98,3.94
465,Bhinga,IN,2022-11-15 18:08:45,27.7167,81.9333,64.53,69,0,4.07
466,Shaoxing,CN,2022-11-15 18:08:46,30.011,120.5715,46.35,88,6,1.63
467,Puerto Padre,CU,2022-11-15 18:05:04,21.195,-76.6028,86.92,55,17,11.59
468,Port Hedland,AU,2022-11-15 18:08:46,-20.3167,118.5667,73.45,100,100,5.75
469,Bodden Town,KY,2022-11-15 18:08:47,19.2833,-81.25,87.8,66,40,13.8
470,Bandarbeyla,SO,2022-11-15 18:08:47,9.4942,50.8122,79.54,74,18,15.41
471,Bayan,CN,2022-11-15 18:08:48,46.0833,127.4,22.42,80,59,5.68
472,Shelburne,CA,2022-11-15 18:08:48,44.0787,-80.2041,28.9,78,100,12.77
473,Caravelas,BR,2022-11-15 18:08:49,-17.7125,-39.2481,82.49,67,100,10.78
474,Makakilo City,US,2022-11-15 18:08:50,21.3469,-158.0858,74.01,71,0,10.36
475,Lodja,CD,2022-11-15 18:08:50,-3.4833,23.4333,70.11,99,97,2.86
476,Punta Alta,AR,2022-11-15 18:08:50,-38.8759,-62.0736,82.58,29,0,15.79
477,Atasu,KZ,2022-11-15 18:08:51,48.6814,71.6433,28.89,85,89,19.08
478,Barra Patuca,HN,2022-11-15 18:08:51,15.8,-84.2833,85.55,67,22,9.22
479,Hede,CN,2022-11-15 18:08:52,33.7681,120.2517,47.91,45,29,4.07
480,Anloga,GH,2022-11-15 18:08:52,5.7947,0.8973,82.58,72,66,11.25
481,Zhicheng,CN,2022-11-15 18:08:53,30.2956,111.5047,57.69,54,89,1.66
482,Lunca,RO,2022-11-15 18:08:53,43.8333,24.7667,47.08,69,24,2.53
483,Santa Cruz,BO,2022-11-15 18:08:06,-17.8,-63.1667,87.26,51,75,6.91
484,Togur,RU,2022-11-15 18:08:55,58.3631,82.8265,32.99,99,100,8.21
485,Karlshamn,SE,2022-11-15 18:08:55,56.1706,14.8619,45.09,76,100,18.28
486,Podgornoye,RU,2022-11-15 18:08:56,51.735,39.1496,32.22,59,75,4.47
487,Harper,LR,2022-11-15 18:08:56,4.375,-7.7169,79.7,79,48,6.22
488,Zelenoborskiy,RU,2022-11-15 18:08:57,66.845,32.3622,34.38,80,100,12.12
489,Bara,NG,2022-11-15 18:08:57,10.3744,10.7288,79.81,28,60,7.47
490,Sakakah,SA,2022-11-15 18:08:06,29.9697,40.2064,71.17,76,57,10.83
491,Solnechnyy,RU,2022-11-15 18:08:58,50.7214,136.6319,14.5,93,19,1.41
492,Srivardhan,IN,2022-11-15 18:08:58,18.0333,73.0167,76.41,68,51,4.74
493,Tommot,RU,2022-11-15 18:08:59,58.9564,126.2925,-37.52,99,46,1.14
494,Gambissara,SN,2022-11-15 18:08:59,13.2382,-14.3108,88.81,27,99,2.98
495,Honiara,SB,2022-11-15 18:09:00,-9.4333,159.95,77.81,86,99,1.5
496,Cabedelo,BR,2022-11-15 18:09:00,-6.9811,-34.8339,81.27,70,94,11.18
497,Oxford,GB,2022-11-15 18:04:37,51.7522,-1.256,50.95,92,75,10.36
498,Krasnoarmeysk,RU,2022-11-15 18:09:01,51.0239,45.6969,26.6,69,46,6.98
499,Richards Bay,ZA,2022-11-15 18:04:24,-28.783,32.0377,68.83,78,0,9.98
500,Huambo,AO,2022-11-15 18:10:03,-12.7761,15.7392,66.27,66,75,3.98
501,Sao Felix Do Xingu,BR,2022-11-15 18:10:04,-6.6447,-51.995,82.6,80,74,4.18
502,Geelong,AU,2022-11-15 18:05:53,-38.1471,144.3607,45.07,93,75,10.36
503,Mildura,AU,2022-11-15 18:10:06,-34.2,142.15,45.07,82,7,9.31
504,Sheopur,IN,2022-11-15 18:10:07,25.6667,76.7,70.05,40,0,3.4
505,Maragogi,BR,2022-11-15 18:06:42,-9.0122,-35.2225,81.57,69,90,11.25
506,Shache,CN,2022-11-15 18:10:08,38.4167,77.2406,38.7,29,8,3.62
507,Sioux Lookout,CA,2022-11-15 18:10:08,50.1001,-91.917,25.47,78,100,7.74
508,Labuhan,ID,2022-11-15 18:10:09,-6.8844,112.2051,80.6,81,100,6.42
509,Baturaja,ID,2022-11-15 18:10:09,-4.1333,104.1667,74.14,98,100,1.45
510,Tilichiki,RU,2022-11-15 18:10:10,60.4667,166.1,22.39,96,100,10.56
511,Praia Da Vitoria,PT,2022-11-15 18:10:11,38.7333,-27.0667,66.76,86,50,9.89
512,Methoni,GR,2022-11-15 18:10:11,36.8197,21.7049,64.22,78,50,6.02
513,Puerto Carreno,CO,2022-11-15 18:10:12,6.189,-67.4859,91.4,56,95,2.24
514,Miles City,US,2022-11-15 18:10:13,46.4083,-105.8406,22.17,93,100,0.0
515,Safita,SY,2022-11-15 18:10:13,34.8205,36.1153,61.79,77,78,2.15
516,Toamasina,MG,2022-11-15 18:10:14,-18.1667,49.3833,73.49,85,26,6.17
517,Kigoma,TZ,2022-11-15 18:10:14,-4.8769,29.6267,73.62,80,81,7.63
518,San Policarpo,PH,2022-11-15 18:10:15,12.1791,125.5072,81.14,85,43,14.0
519,Karymskoye,RU,2022-11-15 18:10:17,51.6167,114.35,12.83,96,47,1.45
520,Nokaneng,BW,2022-11-15 18:08:06,-19.6667,22.2667,87.01,28,41,6.91
521,Mungwi,ZM,2022-11-15 18:10:18,-10.1732,31.3694,70.65,52,43,4.14
522,Rawson,AR,2022-11-15 18:10:18,-43.3002,-65.1023,77.58,27,0,13.58
523,Jacareacanga,BR,2022-11-15 18:10:20,-6.2222,-57.7528,91.2,47,94,4.68
524,Kargasok,RU,2022-11-15 18:05:35,59.0556,80.8572,29.68,99,100,4.21
525,Manaure,CO,2022-11-15 18:10:21,11.7751,-72.4445,87.17,64,100,16.13
526,Hudson,US,2022-11-15 18:10:22,40.7168,-74.0663,47.01,54,100,15.01
527,Boma,GH,2022-11-15 18:10:23,7.0805,-2.1697,77.76,57,25,2.33
528,Ardesen,TR,2022-11-15 18:10:23,41.1911,40.9875,56.26,73,13,3.71
529,Olinda,BR,2022-11-15 18:10:24,-8.0089,-34.8553,82.13,69,40,8.05
530,Sorland,NO,2022-11-15 18:10:24,67.667,12.6934,42.66,61,8,12.03
531,Kpandae,GH,2022-11-15 18:10:26,8.4689,-0.0113,85.06,22,54,1.81
532,Totma,RU,2022-11-15 18:10:26,59.9747,42.7642,25.3,81,100,2.57
533,Ucluelet,CA,2022-11-15 18:10:27,48.9329,-125.5528,48.25,59,11,4.97
534,Mugur-Aksy,RU,2022-11-15 18:10:27,50.35,90.5,11.88,75,46,7.7
535,Copiapo,CL,2022-11-15 18:10:28,-27.3667,-70.3333,64.09,34,42,9.66
536,Polyarnyye Zori,RU,2022-11-15 18:10:29,67.3661,32.4981,28.85,90,100,10.09
537,Tura,IN,2022-11-15 18:10:29,25.5198,90.2201,62.19,91,0,3.22
538,Bria,CF,2022-11-15 18:10:30,6.5423,21.9863,75.18,44,75,1.12
539,Hovd,MN,2022-11-15 18:10:30,48.0056,91.6419,31.19,41,18,12.73
540,Ulaangom,MN,2022-11-15 18:10:31,49.9811,92.0667,17.67,88,99,3.74
541,Shuangyang,CN,2022-11-15 18:10:32,43.5242,125.6736,28.31,93,7,6.78
542,Nazareno,MX,2022-11-15 18:10:32,25.3833,-103.4167,66.51,34,34,5.48
543,Phaltan,IN,2022-11-15 18:08:24,17.9833,74.4333,72.05,48,5,4.88
544,Alabaster,US,2022-11-15 18:10:33,33.2443,-86.8164,53.01,97,100,4.61
545,Aykhal,RU,2022-11-15 18:10:34,66.0,111.5,-23.24,99,99,6.73
